{
  "project_info": {
    "project_number": "935595903040",
    "firebase_url": "https://flutter-share-3f3fd.firebaseio.com",
    "project_id": "flutter-share-3f3fd",
    "storage_bucket": "flutter-share-3f3fd.appspot.com"
  },
  "client": [
    {
      "client_info": {
        "mobilesdk_app_id": "1:935595903040:android:391eb5922fe44d054777a5",
        "android_client_info": {
          "package_name": "com.yourkoseli.blood_app_nepal"
        }
      },
      "oauth_client": [
        {
          "client_id": "935595903040-pkgttah4qu7hfp0adiidapelkpe9u4vg.apps.googleusercontent.com",
          "client_type": 1,
          "android_info": {
            "package_name": "com.yourkoseli.blood_app_nepal",
            "certificate_hash": "4bf50955d47edf01752735c22f2818c0410c7105"
          }
        },
        {
          "client_id": "935595903040-7do5985abmtt6c7989ssf3a7g8kb9bjl.apps.googleusercontent.com",
          "client_type": 3
        }
      ],
      "api_key": [
        {
          "current_key": "AIzaSyAkGy2JxQi1JEzzvAvs-5jkRHwAidhCVMs"
        }
      ],
      "services": {
        "appinvite_service": {
          "other_platform_oauth_client": [
            {
              "client_id": "935595903040-7do5985abmtt6c7989ssf3a7g8kb9bjl.apps.googleusercontent.com",
              "client_type": 3
            }
          ]
        }
      }
    }
  ],
  "configuration_version": "1"
}